GIS,104,164,164
Pro,23,61,107
ArcGIS Pro,23,57,98
Maps,22,83,96
Esri,29,206,76
Enterprise,29,60,74
Analysis,49,61,53
ArcGIS Enterprise, ,34,52
Apps,34,55,48
Web,23,48,45
Story Maps,2,36,44
Mapping,42,54,42
3D,26,45,41
Map,28,42,34
Imagery,13,25,33
ArcGIS Online,40,36,32
Python,18,30,32
Spatial,38,30,32
Planning,17,40,29
Summit, ,1,29
Security,13,13,28
Tips,4,30,28
Analyst,6,18,25
Network,22,17,25
SIG,89,37,25
Services,23,30,24
API,11,22,23
Intelligence,9,16,23
Analytics,14,18,22
Tools,6,21,22
Geodatabase,12,20,21
Local,11,17,20
Applications,19,23,19
Business,4,10,19
Editing,12,17,19
Government,12,20,19
Road,15,12,19
User,18,25,19
Atlas,4,20,18
Living,4,20,18
Mobile,12,19,18
Real,16,22,18
Layers,2,12,17
Smart,4,24,17
What,4,16,17
Workflows,9,24,17
Configuring,5,20,16
Content,6,8,16
Image,2,10,16
Social,2,16,16
Utility,3,6,16
World,6,11,16
Development,18,19,15
JavaScript,9,15,15
Leveraging,8,25,15
Support,9,15,15
How,10,20,14
Insights, ,11,14
Learning,1,8,14
Modeling,23,20,14
Raster,8,10,14
Understanding,4,7,14
an,9,9,13
Defense,5,19,13
Education,2,9,13
Field,8,13,13
Hub, ,9,13
Organization,8,13,13
Sharing,5,17,13
Cloud,8,9,12
Emergency,5,18,12
Geoprocessing,8,12,12
Great,5,12,12
Making,2,6,12
Migrating,1,5,12
Monitoring,4,9,12
State,7,7,12
Survey123, ,9,12
UC, ,4,12
Water,11,23,12
Administration,7,6,11
ArcGIS Hub, ,5,11
Big,11,16,11
Developing,7,3,11
Health,9,10,11
High,6,8,11
Integrating,3,8,11
Land,13,19,11
OGC, ,5,11
Project,7,8,11
Science,1,7,11
Server,31,21,11
Topics,5,14,11
Behind, ,2,10
Design,9,11,10
Designing,6,9,10
Electric,6,7,10
Feature,2,7,10
Implementing,3,9,10
Mining,6,10,10
on,6,18,10
Success,2,1,10
through,7,3,10
University, , ,10
Workforce,1,6,10
ArcGIS Runtime,7,12,9
Awareness,4,3,9
Collection,5,6,9
Disaster,7,4,9
Dynamic,2,3,9
Effective,2,5,9
Expo, , ,9
Infrastructure,6,3,9
K, , ,9
Our,2,3,9
Platform,14,18,9
Presentation, ,3,9
Regional,9,7,9
Runtime,7,12,9
Techniques,7,7,9
Trends, ,6,9
US,8,4,9
Use,10,16,9
ArcGIS Apps,2,8,8
ArcGIS Data,4,7,8
ArcGIS Maps, ,7,8
CAD,12,14,8
Collaboration,5,2,8
Collector,7,10,8
Conservation,2,10,8
Control,2,3,8
Crime, ,2,8
Elevation, ,5,8
Engineering,1,1,8
Environment,1,2,8
Facilities,9,4,8
Geocoding,11,12,8
Getting,11,16,8
Improving,4,6,8
Information,3,10,8
Like, , ,8
Location,4,6,8
Machine Learning, , ,8
Microsoft,6,7,8
Modern, ,3,8
Open,5,19,8
Pipeline,2,4,8
Risk,5,7,8
SDK,7,10,8
Session,1,5,8
Strategy,2,14,8
Systems,6,6,8
Technology,2,10,8
Transportation,4,14,8
Troubleshoot, ,3,8
using, ,14,8
Vector,1,12,8
Works,5,13,8
Access,3,4,7
Administering,8,9,7
App,6,9,7
AppBuilder,3,8,7
ArcMap,12,7,7
Assessment,1,5,7
Asset,10,6,7
Deep,2,2,7
Drone2Map, ,4,7
Exploring,2,2,7
Geo, ,2,7
Geospatial,5,5,7
Hosted, ,1,7
Interoperability,5,7,7
Large,3,1,7
Manager,5,9,7
Next,1,4,7
Ortho, ,3,7
Performance,7,11,7
Projects,3,4,7
R, ,4,7
Records,3,11,7
Resources,4,10,7
Response,6,9,7
Situational,3,3,7
System,1,11,7
Tour,1,1,7
Utilities,7,15,7
Visualization,3,13,7
Workflow,4,10,7
5,32,9,6
ArcGIS Advanced,2,7,6
ArcGIS Workflow,4,7,6
Beyond,5,4,6
BIM, ,2,6
Category, , ,6
Create,4,4,6
Deployment,2,5,6
Digital,1,2,6
Dive,2,1,6
Extension,4,2,6
GeoNet, ,4,6
Highways,3,8,6
Humanitarian, ,3,6
Intro, , ,6
Lidar,7, ,6
Modernizing,1,5,6
Plenary, ,3,6
Reception,2,1,6
Roads,3,7,6
Steps,2,1,6
Supporting,3,5,6
Transit,3,5,6
You,4,5,6
Academic, ,2,5
AR, ,3,5
Arcade, ,2,5
ArcGIS 3D,2, ,5
ArcGIS and,2,4,5
ArcGIS ArcGIS, ,9,5
ArcGIS GeoEvent,2,9,5
ArcGIS Indoors, , ,5
ArcGIS Migrating, , ,5
ArcGIS Platform,6,10,5
ArcGIS Using,2,3,5
Architecting, ,2,5
at,4,4,5
Build, ,1,5
Campus,3,2,5
Cartographic,5,4,5
Classification, ,2,5
Closing, , ,5
Commercial,1,7,5
Dashboard,3,5,5
Datasets,5,4,5
Deploying,4,7,5
Distributed,2,3,5
Enforcement,4,6,5
Engagement,2,10,5
Environmental,17,8,5
Epidemic, , ,5
Establishing,1,1,5
Examples,5,4,5
Fire,4,11,5
Foundation, ,2,5
Gas,5,7,5
GeoEvent,2,9,5
Get, ,6,5
GI, ,3,5
Homelessness, ,1,5
Indoor, ,6,5
Indoors, ,1,5
Inspiring, ,2,5
Integration,3,3,5
Keynote, , ,5
Law,4,7,5
Lunch,1, ,5
Make,4,5,5
Maritime,3,4,5
Metadata,5,4,5
Military,7,5,5
ModelBuilder,6,6,5
Most,4,2,5
Networking, , ,5
Opioid, ,2,5
Optimizing,5,3,5
Out, ,4,5
Own, ,6,5
Parcel,3,8,5
Part, ,3,5
People,2,1,5
Portal,11,14,5
Production,4,15,5
Program,6,2,5
Quality,3,6,5
Research, ,6,5
Reviewer,4,7,5
Right,1,2,5
SAP, ,8,5
Service,7,10,5
Solution,3,8,5
Solving,2,1,5
Start,2, ,5
Statistical,6, ,5
Top, ,8,5
Transformations,1,1,5
Unlocking, , ,5
Urban,5,2,5
Value,2,3,5
Workshop,4,3,5
Agriculture,3,7,4
Application,4,1,4
Approach,3,4,4
ArcGIS Designing, , ,4
ArcGIS Organization,2,1,4
ArcGIS Pipeline, ,3,4
Automating,4,6,4
Automation,6,7,4
Break, , ,4
Capability,1,2,4
Cartography,2,2,4
Change,6,6,4
Classroom, , ,4
Climate,8,4,4
Communities,4,10,4
Conference, ,3,4
Crisis, ,2,4
Curriculum, ,1,4
Earth, ,9,4
Facility,2,1,4
Fast, , ,4
From,2,5,4
Geodata, , ,4
HANA, ,3,4
History,2,4,4
Human,1,5,4
Impact,2,6,4
Into, ,1,4
into,4,8,4
IoT, ,2,4
Labels, ,1,4
Level,3, ,4
Minutes, ,3,4
Multi, ,3,4
NET,3,3,4
Offline,1,4,4
Operational,1,6,4
Policy,2,1,4
Practice, ,2,4
Preparing, ,2,4
Reality, ,4,4
Referencing,2,4,4
Scenes,1,5,4
SDKs,2,1,4
Serving, ,2,4
Space,1,1,4
Started,6,13,4
Statistics,5,10,4
Story Map,8,7,4
Student, , ,4
Successful,1,5,4
Survey,1,2,4
Taking,3,5,4
Through, ,7,4
Topographic, , ,4
Training, ,4,4
Transformation, ,2,4
Tribal,3,5,4
Tuning, ,2,4
Uses, , ,4
Video, ,3,4
Welcome, , ,4
Widgets,2,4,4
1,22, ,3
2,21, ,3
101, , ,3
Accessibility,1,2,3
Across, ,2,3
Address,2,2,3
Adoption, , ,3
AEC,4,5,3
Aerial, ,2,3
AG, , ,3
Agencies,1,1,3
AGILE, ,1,3
AI, ,3,3
Analysts, ,1,3
Applying,7,6,3
AppStudio,4,4,3
ArcGIS Community, , ,3
ArcGIS for AutoCAD,2,3,3
ArcGIS for Local,3,3,3
ArcGIS Marketplace,1,5,3
ArcGIS to,3,3,3
ArcPy, ,2,3
AutoCAD,2,3,3
Breakthroughs, , ,3
CANCELED, , ,3
Case,1,2,3
Census,4,8,3
Centers, , ,3
Certification,1,2,3
Challenges, ,1,3
Command, ,2,3
Common,2,3,3
Configurations,2,2,3
Conflation,1,1,3
Connecting, ,1,3
Coordinate,1,4,3
Critical, ,1,3
Customer, ,8,3
Dashboards, ,1,3
Day,1, ,3
Decision,4,4,3
Discussion, ,1,3
Driving,2,1,3
Drones, ,2,3
Energy,7,4,3
Essential,2,1,3
Events,1,5,3
Experiences, ,4,3
Explorer,2,2,3
First, ,3,3
Flood,3,5,3
For, ,3,3
Forest,2,4,3
Functions, ,1,3
GeoAI, , ,3
Geodatabases,6,3,3
Geographic,5, ,3
Geopackage, , ,3
GeoPlanner,2,6,3
Green, ,1,3
Hands, ,5,3
Highlights, , ,3
Hurricane,1,2,3
Implementation, ,3,3
Improved,1, ,3
Incident,1,2,3
Industry, ,3,3
Innovations,1,1,3
International,3,4,3
Internet,1,3,3
Kickoff,1,2,3
Kriging,2,4,3
Lab, ,3,3
License,1,1,3
Live, ,3,3
Maintaining,5,4,3
Managed, ,1,3
Marketplace,2,5,3
Media,1,2,3
Meet,1, ,3
Meetup, ,2,3
Mitigation,1, ,3
Moving, ,1,3
Natural,2,5,3
Navigator,1,3,3
Ocean,1,6,3
Office,1,4,3
Operation, ,2,3
Patterns,4,5,3
Powering, , ,3
Premium,1,1,3
Print,1,2,3
Processing,1,3,3
Publishing,3,5,3
Putting,1,4,3
Realtime, , ,3
Recipe, , ,3
Reduction, ,1,3
Refugee, , ,3
Relationships,2,3,3
Resilient,1, ,3
Scientific,2,5,3
Scripting,2,6,3
SDG, ,1,3
Securing, ,1,3
Selecting, ,1,3
Share, ,2,3
Skills, ,4,3
Smarter,2, ,3
SQL,3,5,3
Strategies,1,3,3
Students, , ,3
Studies, , ,3
Suitability,3,5,3
Surveyors, , ,3
Tactical, ,1,3
Tasks,2,6,3
Telecom,1,1,3
Temporal,3,3,3
Testing, ,5,3
Things,1,5,3
Tile, ,5,3
Tiles, ,2,3
Time,1,4,3
Topology, ,1,3
Types,2,2,3
Up,3,6,3
Utilizing,2, ,3
Vertical, ,1,3
VR, ,3,3
Weather,3,3,3
Where,2, ,3
Work, ,8,3
your, ,5,3
YPN,3,4,3
10,18,7,2
2018, , ,2
Accuracy,1,3,2
Action,3,3,2
Adobe, ,2,2
Advances, ,1,2
Africa,1,1,2
Afternoon, ,1,2
Alignment,2,2,2
Amazing,1,2,2
Amazon, ,2,2
America,2,1,2
Analytical,2,3,2
Analyze, ,1,2
Annotation,1,1,2
Applied, ,2,2
Approaches,2,3,2
ArcGIS Administering, , ,2
ArcGIS Business, , ,2
ArcGIS Configuring, ,1,2
ArcGIS Connecting, , ,2
ArcGIS Creating, ,3,2
ArcGIS Developing, , ,2
ArcGIS Esri, ,3,2
ArcGIS for Advanced, ,1,2
ArcGIS for Emergency,1,2,2
ArcGIS for INSPIRE, ,1,2
ArcGIS for Land, ,3,2
ArcGIS Geostatistical,2, ,2
ArcGIS GIS, ,3,2
ArcGIS Hands, , ,2
ArcGIS in, ,2,2
ArcGIS Intro, , ,2
ArcGIS Managing,1,1,2
ArcGIS Mobile, , ,2
ArcGIS Monitor, , ,2
ArcGIS Urban, , ,2
ArcGIS User, , ,2
ArcGIS What, , ,2
ArcGIS Working, ,3,2
Areas,1, ,2
Artificial, , ,2
as,3,6,2
Asia,2,3,2
Assessments,6, ,2
Assets,3,3,2
Attribute, ,2,2
Audience, , ,2
Augmented, ,1,2
Authoring,1,3,2
Automated, ,1,2
Availability,2,1,2
Aware, , ,2
Based,1,2,2
Basemap,1,2,2
Basemaps, ,5,2
Basics,4,2,2
Begin, ,2,2
Beginners, , ,2
Better,4,3,2
BI, ,2,2
Boring, , ,2
Branching,2, ,2
Branding, , ,2
Breakfast, , ,2
Bring, ,2,2
Builder, ,1,2
by,2, ,2
Caching, ,2,2
Cameras, ,1,2
Capacity, ,1,2
Cascade, ,2,2
Center,1,4,2
Charts, ,2,2
Citizen, ,3,2
CityEngine,3,3,2
Classrooms, , ,2
Cluster,2,2,2
Combating, , ,2
Combining, , ,2
Communicating, ,4,2
Concepts,3,3,2
Conditioned, ,1,2
Considerations, , ,2
Corridor, , ,2
Cost,2,3,2
Creative, ,3,2
CRM, , ,2
Curricula, , ,2
Custom,1,1,2
Cybersecurity, , ,2
Daily, ,1,2
Damage, ,1,2
datum, , ,2
Datum,1,1,2
Decisions,4,6,2
DEM, ,1,2
Demand,1,1,2
Demographic,1,2,2
Departments, , ,2
Did, , ,2
Display,1,2,2
Distance, ,3,2
Drone,1,3,2
Economic,3,3,2
Ecosystem, ,1,2
Edition, , ,2
Educators, , ,2
Efficiency,1,4,2
Emerging, ,2,2
Emotional, , ,2
Empowering,1,3,2
Emulate,2,2,2
Enables, , ,2
Enabling,3,4,2
Engaged, , ,2
Engaging, ,4,2
Engine, ,1,2
Equity, ,2,2
Era,2,4,2
Essentials, ,2,2
Estate,1,6,2
European, ,1,2
Event,1,1,2
Excalibur, , ,2
Experience,3,1,2
Expressions, ,1,2
Extend, , ,2
Extending,5,4,2
Extraction, ,2,2
Features,2,5,2
Federal, ,1,2
Feedback, , ,2
Finding, ,2,2
Fleet,1,1,2
Forestry,6,1,2
Fostering,1, ,2
Frame, ,1,2
Framework,3,1,2
Frontier, , ,2
Full,2,4,2
Functionality, ,1,2
Gain, , ,2
Game, , ,2
Generalization, ,3,2
Generation, ,3,2
GEO, , ,2
Geostatistical,2,2,2
Geostatistics, ,1,2
Going, , ,2
Good, ,1,2
Governments,4,2,2
Habitat,2,1,2
HIFLD, , ,2
Higher, ,2,2
Homeland,1,1,2
Horizon,1, ,2
Hydraulic,3,2,2
Hydro,1, ,2
Hydrologic,4,2,2
I,4,3,2
i3S, ,1,2
Identifying, ,2,2
II,4,3,2
Impacts,1,1,2
Imperfect, , ,2
Implementations,4,1,2
Impossible, , ,2
Improve, ,7,2
Incorporating, , ,2
Indexed, , ,2
Initiative, , ,2
Innovative,2,1,2
Insight,3, ,2
Inspection,1,4,2
INSPIRE, ,2,2
Installation,1,7,2
Installations, ,2,2
Insurance,1,1,2
Integrated,1,4,2
Interactive, ,1,2
Interpolating, , ,2
Interpolation,1,1,2
Investment,1,1,2
Iteration, , ,2
JSON, , ,2
Know,4,2,2
Layouts, , ,2
Learn, , ,2
Led, , ,2
Libraries,1,1,2
Lightning, ,1,2
Locations, ,2,2
Machine ArcGIS, , ,2
Marine,2,2,2
Meets,1, ,2
Members, ,1,2
Mid, ,2,2
Modelling, , ,2
Modernized, , ,2
Monitor, , ,2
More,2,5,2
Morning, ,1,2
Mosaic,2,2,2
Motion, ,1,2
Movement, ,1,2
Multiuser,2,2,2
NASA, ,2,2
Neighborhood, , ,2
Non, ,1,2
Observations, ,1,2
Oil,1,1,2
On, ,2,2
Opening, , ,2
Optimize, , ,2
or,2,2,2
Organizational,1,1,2
Other,2,2,2
Panel, ,2,2
Parcels,2,3,2
Park, ,3,2
Parks,4,1,2
Path, , ,2
Perspective, ,1,2
Plan,2,1,2
Police, ,1,2
Population,1, ,2
Popups, , ,2
Power, ,8,2
Pre, ,1,2
Preplanned, , ,2
Preservation, , ,2
Prevention, ,1,2
Priorities, , ,2
Privacy,3,2,2
Problems,2,1,2
Protecting,1,5,2
Proven, , ,2
Publish, ,1,2
Q,1, ,2
RDBMS, ,1,2
Recovery,2,2,2
Reduce, , ,2
Reducing, , ,2
Registration, , ,2
Representing, , ,2
Responders, , ,2
Retail,1,3,2
Revit, , ,2
Roadway,2,3,2
Robust, , ,2
Rohingya, , ,2
Routes, ,3,2
Routing,2,6,2
Run, ,1,2
Running, , ,2
Scene, , ,2
Schema, , ,2
School, , ,2
Seafloor, , ,2
Secure, , ,2
Segmentation, ,1,2
Self, ,2,2
Series,1,4,2
Sessions,1,2,2
Setting, ,2,2
Sharepoint, ,2,2
Sidewalk, , ,2
Simple,2,7,2
Small, ,2,2
South, ,1,2
Spatiotemporal, ,2,2
Speed, , ,2
Stakeholders, ,1,2
Standard, ,1,2
Standards,4,10,2
Static,1,2,2
Stormwater,2,2,2
Storytelling,1,2,2
Strategic, ,1,2
Streetmap, ,1,2
Styles, ,1,2
Styling, ,2,2
Sub, ,1,2
Supply,1,4,2
Surfaces,2,1,2
Surveying,1,1,2
Sustainability,2,1,2
Sustainable,5,10,2
Symbology,1, ,2
Tables,1,2,2
Tax, , ,2
Teachers, , ,2
Technical,7,4,2
Telecommunications,2,6,2
Templates,6,3,2
Them,2,2,2
Thematic, ,1,2
Thinking, ,1,2
Threat, , ,2
Together,3,2,2
Trusted, , ,2
URISA, ,1,2
Vehicles, ,1,2
via, ,2,2
Virtual, ,3,2
VRP, ,1,2
Waze, ,2,2
WCS, ,1,2
WebGIS, , ,2
Webmap, , ,2
WFS, ,1,2
Why, ,1,2
WMS, ,1,2
WMTS, ,1,2
Workplace, ,3,2
30,72,1,1
911,1,2,1
1940, ,1,1
1965, ,1,1
1966, ,1,1
1981, ,1,1
2D, ,3,1
about,1,1,1
Accelerating, , ,1
Accessible, ,1,1
Achieving,2, ,1
across,2,1,1
Act, ,1,1
Actionable,1,1,1
Activity,1,1,1
Adaptation, , ,1
Adapter, , ,1
Add,2,2,1
Adding, , ,1
Administrations, , ,1
Advancements, , ,1
Advancing, ,1,1
Advantage,2,1,1
Adverse, , ,1
Advisory, , ,1
Aggregation, ,1,1
Aid,3,1,1
Air,1,4,1
Airport, ,2,1
Airports,2,2,1
Algebra, ,1,1
Aligning, , ,1
All,3,1,1
Americas, , ,1
Analyzing,5,4,1
Android,1,2,1
Anecdotal, , ,1
Animal, , ,1
Animation, , ,1
Animations, ,1,1
Annual,1,1,1
Antonio, , ,1
Apply, , ,1
Aquaculture, , ,1
Arc,1,1,1
ArcGIS 10, ,3,1
ArcGIS A, , ,1
ArcGIS Analysis, , ,1
ArcGIS Analytics, , ,1
ArcGIS Authoring, , ,1
ArcGIS Calculating, , ,1
ArcGIS can, , ,1
ArcGIS CANCELED, , ,1
ArcGIS Capital, , ,1
ArcGIS Cartography, , ,1
ArcGIS Census, , ,1
ArcGIS Collector, , ,1
ArcGIS Configurable, ,1,1
ArcGIS Content,1, ,1
ArcGIS Crime, , ,1
ArcGIS Cyber, , ,1
ArcGIS Defense, , ,1
ArcGIS Delivering, , ,1
ArcGIS Disaster, , ,1
ArcGIS Driving, , ,1
ArcGIS Earth, ,3,1
ArcGIS Election, , ,1
ArcGIS Electric, , ,1
ArcGIS Engine, ,1,1
ArcGIS Exploring, , ,1
ArcGIS Extending, ,1,1
ArcGIS for Assessment, , ,1
ArcGIS for Aviation,1,1,1
ArcGIS for Defense, , ,1
ArcGIS for Maritime,1,1,1
ArcGIS for Parks,1,1,1
ArcGIS for Public, , ,1
ArcGIS for Smart, , ,1
ArcGIS for State,2,1,1
ArcGIS for Tactical, , ,1
ArcGIS for Water,1, ,1
ArcGIS From, ,1,1
ArcGIS Geodatabase, ,1,1
ArcGIS Geographic, , ,1
ArcGIS Higher, , ,1
ArcGIS How, ,2,1
ArcGIS Implementation, , ,1
ArcGIS Implementing, , ,1
ArcGIS Improving, , ,1
ArcGIS Inspiring, , ,1
ArcGIS Integrating, ,2,1
ArcGIS Interpolating, , ,1
ArcGIS Investigating, , ,1
ArcGIS Leveraging, ,1,1
ArcGIS Lidar, , ,1
ArcGIS Localized, , ,1
ArcGIS Management, , ,1
ArcGIS Map, , ,1
ArcGIS Mapping, ,1,1
ArcGIS ModelBuilder, , ,1
ArcGIS Monitoring, ,1,1
ArcGIS Network,3, ,1
ArcGIS Open,1,3,1
ArcGIS OpenStreetMap, , ,1
ArcGIS Packaging, , ,1
ArcGIS Performance, , ,1
ArcGIS Principles, , ,1
ArcGIS Printing, , ,1
ArcGIS Processing, , ,1
ArcGIS Public, ,1,1
ArcGIS Real, , ,1
ArcGIS Server, ,2,1
ArcGIS SMS, , ,1
ArcGIS Special, , ,1
ArcGIS Statistical, , ,1
ArcGIS Stepping, , ,1
ArcGIS Story, , ,1
ArcGIS Survey123, ,1,1
ArcGIS Teach, , ,1
ArcGIS The,3, ,1
ArcGIS Tools, , ,1
ArcGIS Top, , ,1
ArcGIS Understanding, ,1,1
ArcGIS Web,4,4,1
ArcGIS Where, , ,1
Architecture,2,2,1
Arctic, , ,1
are, ,1,1
Are,1, ,1
Area,2, ,1
Areal, ,1,1
Army,3,2,1
around,1, ,1
Artisanal, , ,1
As, , ,1
Assessing, , ,1
Assistant, ,1,1
Atmospheric,1,1,1
Attendees, ,1,1
Attraction, , ,1
Authentication, ,2,1
Authorities, ,1,1
Automate, ,3,1
Automobile, , ,1
Aviation,4,2,1
Awesome, ,1,1
Azure, ,1,1
Backups, , ,1
Bandwidth, , ,1
Banking, ,1,1
Base, , ,1
Batch, ,2,1
Bayesian, ,1,1
be, , ,1
Becoming, ,1,1
Beginning, ,1,1
Begins, , ,1
Behaviors,1, ,1
Being, ,1,1
Benefits,2, ,1
between, , ,1
Bobcat, , ,1
Books,2,1,1
Borders, , ,1
Brandman, , ,1
Bridges, , ,1
Briefings, , ,1
British, , ,1
Browser, ,1,1
Budgets, , ,1
Buildings, ,1,1
Built, , ,1
C2I, ,1,1
Calculating, ,1,1
California, , ,1
Call,2,3,1
Camp, ,1,1
Camps, , ,1
Campuses,1, ,1
can, , ,1
Cancelled, , ,1
CANCELLED, , ,1
Capabilities, ,7,1
Capital,2,1,1
Capitalizing, , ,1
Captain, , ,1
Care,1,1,1
Career, ,1,1
Caribbean,1,1,1
Cause, ,1,1
CBRNE,1,1,1
CCTV, , ,1
Central, ,1,1
Ceremony, ,1,1
Chain,1,4,1
Changing, , ,1
Characteristics, ,1,1
Charting, , ,1
Chase, , ,1
Checks, ,1,1
Chef,2,1,1
Choosing, ,1,1
Church, , ,1
Cities,3,1,1
Citizens,1, ,1
City,1,3,1
Cityworks,1, ,1
Classes, ,1,1
Climates, , ,1
Cloning, ,1,1
Clouds, ,2,1
Co, , ,1
Coastal,2,1,1
COG, , ,1
Collaborating, , ,1
Collaborative,1,3,1
Collect, ,2,1
Collecting,4, ,1
Colombia, , ,1
Columbia, , ,1
Communication,2, ,1
Compelling, ,1,1
Competitive, , ,1
Compliance,4,2,1
Comprehensive, ,1,1
Conditions,1, ,1
Confidence,2, ,1
Configurable, ,3,1
Configuration, ,1,1
Connections, , ,1
ConservancySupporting, , ,1
Constituent, , ,1
Continental, , ,1
Continuity, , ,1
Contributing, ,1,1
Contributions, , ,1
Conversation, , ,1
Cooperative, , ,1
Coordinators, ,1,1
Coral, , ,1
Council, , ,1
Course, ,8,1
Cross,1,1,1
Crowdsource, ,1,1
Crowdsourcing, ,1,1
Culture, , ,1
Customers, , ,1
Customization, ,2,1
Customizations, ,2,1
Customizing,3,3,1
Cyber, ,3,1
Dakota, , ,1
Database,1, ,1
Dataset,1,1,1
Debugging, ,1,1
Deeper, , ,1
Defence, , ,1
Defensible, , ,1
Delair, , ,1
Delineation,2,1,1
Delivering, ,1,1
Delivery, ,3,1
Demographics, ,1,1
Department, ,4,1
Dependency, , ,1
Deployments, ,1,1
Desktop,19,16,1
Determining, , ,1
Device,2, ,1
DHS, , ,1
different, , ,1
Differs, , ,1
Dimension, ,1,1
Disconnected, ,2,1
Discover, ,2,1
DISDI,1, ,1
Disease,1,5,1
Dispatch,2,2,1
Disruption, , ,1
Distribution,2,3,1
Dolores, , ,1
Drive, , ,1
Driven, ,2,1
Earthquake,1,1,1
Earthquakes, , ,1
East,2,1,1
Easy,2,5,1
EBK, ,1,1
Ecological,2,2,1
Edgematching, ,1,1
Edits, ,1,1
Educational, ,2,1
EEAP,2,1,1
Efficiencies,1,1,1
Election, ,3,1
Eliminate, ,1,1
Empirical, ,1,1
Empower, , ,1
EMS,6, ,1
Enable, ,1,1
Engage,1,1,1
Enhance,1, ,1
Enough, , ,1
Enriches, , ,1
Enrichment,1, ,1
Ensure, , ,1
Ensuring, , ,1
Entire, ,1,1
Environments,1,1,1
Eos, , ,1
EPA, ,1,1
Erosion, , ,1
Evacuation, , ,1
Evaluating, , ,1
Evening, ,1,1
Everyday, , ,1
Everyone,1, ,1
Exchange, ,1,1
Exhibits, , ,1
Explanation, , ,1
Exploratory, , ,1
Explosive, , ,1
Express, , ,1
Extensions,1,1,1
Extracted, ,1,1
Fabric,1,6,1
Facebook, , ,1
Fair, ,3,1
FAO, , ,1
Fatalities, , ,1
FedRAMP, , ,1
FEMA, , ,1
Fifteen, , ,1
Fighting,1, ,1
Filling, , ,1
Film, , ,1
Firms, , ,1
Flight,1,1,1
Flooding, ,1,1
Floodplain,1,1,1
Floods, , ,1
Flows, , ,1
Food,1, ,1
Force, ,1,1
Forecasting, ,1,1
Forests, , ,1
Formal, , ,1
Forms, , ,1
Forum, ,1,1
Foundations,1,1,1
Frontiers,2,1,1
Fusion,1, ,1
Future, ,3,1
G20, , ,1
Gaining,1,3,1
Gallery, ,4,1
Gap, ,2,1
Gardens,3,2,1
Gathering, , ,1
GDAL, ,1,1
GeoAnalytics, ,2,1
GeoBase,1,1,1
GeoConX, , ,1
GeoDev, ,1,1
Geoenrichment, , ,1
Geography, ,2,1
GeoInquiries, , ,1
Geollect, , ,1
GeoMentoring, , ,1
Geometry, , ,1
GeoPortal, , ,1
Geoportal,2,2,1
George, , ,1
GIScience,2, ,1
GISCorps,1,1,1
Github, , ,1
global, , ,1
Global,2, ,1
GNSS, ,2,1
Goals, ,1,1
Governance, , ,1
GPS, , ,1
GRACE, , ,1
Grids, , ,1
Ground, ,1,1
Grounds,1, ,1
GroundVu, ,1,1
Groundwater,1,1,1
Growth, , ,1
Guard,2,4,1
Guidance, , ,1
Guide, ,1,1
Had, , ,1
Hamburg, , ,1
Harvey, , ,1
Hi, , ,1
Historical,1,3,1
Holistic,1,3,1
Hospitals, , ,1
HSE, ,1,1
HSEMA, , ,1
Huerta, , ,1
Hunger,1, ,1
HydroGIS, , ,1
Hydrography,1,1,1
Hyper,1, ,1
IC, , ,1
Identities, , ,1
III, ,1,1
Implement, , ,1
Improves, ,2,1
In,1,3,1
Increase,1,3,1
Indian, , ,1
Indigenous, ,2,1
indoo, , ,1
Inequities, ,2,1
Informal, , ,1
Infusing, , ,1
Initiatives,1,2,1
Innovation,1,2,1
Input, , ,1
Institution, , ,1
Instructional, ,1,1
Integrate,1,1,1
intelligent, , ,1
Interagency, , ,1
Interim, , ,1
Intra, , ,1
Introducing, ,3,1
Invasive, , ,1
Inventory, ,2,1
Investigating, , ,1
iOS,1,1,1
Irma, , ,1
is,19,1,1
Isolation, , ,1
Issues,2,3,1
It,2,1,1
IT, , ,1
Item, ,2,1
Java,1,2,1
Join, , ,1
Journey, ,3,1
JP, , ,1
JS, ,1,1
Labs, ,4,1
Lands, , ,1
Language, , ,1
Laser, , ,1
LaserGIS, , ,1
Last, , ,1
Latest, ,1,1
Launch, , ,1
Layer, , ,1
LDS, , ,1
Lead, , ,1
Leads, , ,1
Learner, , ,1
Lessons,3,5,1
LiDAR, ,7,1
Life,2,2,1
Limited, , ,1
Line, , ,1
Localized, , ,1
Localizing, , ,1
Locators, , ,1
Logistics,1,1,1
Looking, , ,1
Low, , ,1
macOS, ,1,1
Major, , ,1
Manage,1,4,1
Managers, ,1,1
Manufacturing, ,1,1
Maria, , ,1
Market, ,3,1
Marketing, ,1,1
Markup, ,1,1
Mastering, , ,1
Matching, ,1,1
Math, , ,1
Maxmize, , ,1
Means, , ,1
Measure, , ,1
Measurement, , ,1
Medians, , ,1
meeting, ,2,1
Men, , ,1
Mentorship, , ,1
Mesh, ,1,1
Messaging, , ,1
Meteorology, , ,1
Meter, , ,1
Method, ,1,1
Methods,7,3,1
MGCP, , ,1
Middle,1,1,1
Mile, , ,1
Missions, , ,1
Mixed, , ,1
Mobility,1,1,1
Modernizes, , ,1
MOOC, , ,1
MOOCs, , ,1
Morgan, , ,1
Mosquito, ,1,1
MPO, ,1,1
MR, , ,1
MRF, ,1,1
Multidimensional,3,3,1
Multinational, , ,1
Multipatches, , ,1
Municipal,2,1,1
Mutual, , ,1
Nations, , ,1
Native,1,2,1
Nature, , ,1
NCAA, , ,1
Needs,3,1,1
Nemo, , ,1
NG9, , ,1
Night, , ,1
NOAA,1,1,1
Normal, , ,1
Notebook, , ,1
Notification, ,1,1
Now, ,3,1
NVIDIA, ,1,1
Oblique, ,1,1
Observation, , ,1
Odors, , ,1
One,1,1,1
Only, , ,1
Openness, , ,1
OpenStreetMap, ,1,1
Operating,2,2,1
Opinion, ,2,1
Ops, , ,1
Oracle,2,1,1
Organizations,1,1,1
Organize, ,1,1
Orientation, ,1,1
Oriented, , ,1
Overcoming, ,2,1
Pacific, ,2,1
Packaging, ,1,1
Palestine, , ,1
Paper, , ,1
Paradigm, , ,1
Participation, , ,1
Party, , ,1
Pedestrian, , ,1
Peer, , ,1
Permitting, , ,1
Personnel, , ,1
Pest, ,1,1
Petroleum, ,4,1
Photo, ,2,1
Phrenic, , ,1
PI, , ,1
Picture,1,1,1
Pixel, , ,1
Places, ,2,1
Plant, , ,1
Plug,2,3,1
Point, ,3,1
Policing, , ,1
Polygon, ,1,1
Pop, ,1,1
Portfolio, , ,1
Ports,2,1,1
PostgreSQL,2,2,1
Poverty, ,1,1
Precision, , ,1
Prediction,2,1,1
Predictions, ,1,1
Prepare, , ,1
Prepared, , ,1
Preparedness, ,2,1
Primer, ,2,1
Principles, , ,1
Printing,2,2,1
Prioritization,3, ,1
Proactive, , ,1
Problem, , ,1
Process,2, ,1
Processor, , ,1
Producing, ,2,1
Product, ,2,1
Professional,1,1,1
Professionals,1, ,1
Projections, ,3,1
Prototype, , ,1
Provide, , ,1
Provider, , ,1
Providing, , ,1
Publication, , ,1
PUG,1,1,1
QA, ,1,1
Qt,1,1,1
Rail,2,2,1
Rapid, , ,1
Reaching, , ,1
Reading, , ,1
Ready, ,1,1
Reasoning, , ,1
Receive, , ,1
Redistricting,1, ,1
Reef, , ,1
Reference,3, ,1
Refining, ,1,1
Regression,2,3,1
Relationship, ,2,1
Reliving, , ,1
Remarks, , ,1
Repair, , ,1
Requirements,2, ,1
Rescue,2, ,1
Responder, , ,1
Responses, , ,1
Results, ,1,1
Revitalization, , ,1
Revolutionized, , ,1
Revolutionizing, ,1,1
RFP, ,2,1
Rise,1, ,1
Risks, , ,1
ROI, , ,1
Role, ,1,1
Runoff, , ,1
San, , ,1
Saving, , ,1
Scale, ,2,1
Scaling, , ,1
Scanned, , ,1
SCAUG, , ,1
Schools, ,1,1
SDGs, , ,1
SDKS, , ,1
Sea,1, ,1
Second, ,1,1
Sector, ,1,1
security, , ,1
Sedimentation, , ,1
Sells, , ,1
Separation, , ,1
Shifting, , ,1
Should, , ,1
Showing, ,1,1
Sidewalks, , ,1
Situation, , ,1
Sketching, , ,1
SMS, , ,1
Snow,1, ,1
Software,1,1,1
Solve, , ,1
Source, ,2,1
Sources,4,2,1
space, , ,1
Spaces,1,1,1
Specialty,1,1,1
Spyder, , ,1
SSL, , ,1
Stabilization, , ,1
Station, ,3,1
STEAM, , ,1
STEM, , ,1
Stepping, ,2,1
Stereo, ,1,1
Stop, , ,1
Store, ,1,1
Story of, , ,1
Storymaps, , ,1
Stream,3,2,1
StreetMap, , ,1
Strengthen, ,1,1
Submitting, , ,1
Summary, , ,1
Surface, ,1,1
Surveillance,2,2,1
Surveys, , ,1
Symposium, ,1,1
Tackling,1, ,1
Take, ,1,1
Talks, ,1,1
Task, , ,1
Taxation, , ,1
Teach, , ,1
Teacher, , ,1
Teaching, , ,1
Team, , ,1
Telling, ,1,1
Tenure, , ,1
Terrestrial, , ,1
Text, ,1,1
Texts, , ,1
Thomas, , ,1
Three, ,1,1
Thursday, , ,1
Today, ,6,1
Toward, , ,1
Towards, , ,1
Townhall, , ,1
Traffic,1, ,1
Trails,1,1,1
Transforming,2,2,1
Transition, , ,1
Transmission,2,2,1
Transparency, ,3,1
Traveling, , ,1
Troubleshooting,2,4,1
Trust, , ,1
Turbulent, , ,1
Turning, , ,1
types, , ,1
Tysons, , ,1
UAS,2, ,1
UAV, , ,1
UN, , ,1
Under, , ,1
Unlock, ,2,1
Update, ,1,1
Updates,1,2,1
Urgency, ,1,1
Usage,1,1,1
USDA, , ,1
USNORTHCOM, ,1,1
UtiliSync, , ,1
UX11, , ,1
Validation, ,2,1
VGPU, , ,1
View,1,1,1
Viewer, , ,1
Views, ,1,1
Virtualizing,2,1,1
Vision,1, ,1
Visualize, ,1,1
Visualizing, , ,1
Voice, , ,1
Vricon, , ,1
Wall, , ,1
Washington, , ,1
Waste, , ,1
Watershed, ,2,1
Ways,2,4,1
WeCan, , ,1
West,3,1,1
WFP, , ,1
When, ,3,1
Wide, , ,1
Widget, ,2,1
Wildfire, ,1,1
WILDFIRES, , ,1
Wildland, ,4,1
Wildlife, ,2,1
Will, , ,1
With, ,3,1
Women, ,1,1
Wood, , ,1
Workload, , ,1
Writing, ,2,1
WWHGWG, , ,1
XLSForms, , ,1
Yemen, , ,1
Yourself, , ,1
Zero, , ,1
Zoning, ,1,1
